"","Astrocytes.M","Excitatory.M","Inhibitory.M","Microglia.M","Oligodendrocytes.M","Oligo_pc.M","Astrocytes.G","Endothelial.G","Hybrid.G","Microglia.G","Neurons.G","Oli.G","OPC.G","Unidentified.G","GSE95587","Gene","Biotype","MIR","overlap","disease","disorder","degree"
"ENSG00000000460",NA,NA,NA,NA,NA,NA,NA,NA,NA,NA,NA,NA,NA,NA,0.354481972,"C1orf112","protein_coding","Anti","5utr","no",30,0
"ENSG00000001461",NA,NA,NA,NA,NA,NA,NA,NA,NA,NA,NA,NA,NA,NA,0.251976583,"NIPAL3",NA,NA,NA,NA,NA,NA
"ENSG00000001626",NA,NA,NA,NA,NA,NA,NA,NA,-0.6679,NA,NA,NA,NA,NA,NA,"CFTR","protein_coding","Anti","3utr","no",100,0
"ENSG00000002746",NA,NA,NA,NA,NA,NA,NA,NA,NA,NA,NA,NA,NA,NA,-0.471245806,"HECW1","protein_coding","Anti","CDS","no",60,8
"ENSG00000004059",NA,NA,NA,NA,NA,NA,NA,NA,NA,NA,NA,NA,NA,NA,-0.413109134,"ARF5","protein_coding","Anti-same","3utr","no",30,0
"ENSG00000004478",NA,NA,NA,NA,0.442121012624519,NA,0.6202,1.431,1.353,NA,0.6432,0.7631,NA,0.7366,NA,"FKBP4","protein_coding","Anti-same","5utr","no",100,106
"ENSG00000005108",NA,NA,NA,NA,NA,NA,NA,NA,NA,NA,-0.7874,NA,-0.8568,NA,NA,"THSD7A","protein_coding","Same","CDS","no",60,0
"ENSG00000005844",NA,NA,NA,NA,NA,NA,NA,NA,NA,NA,NA,NA,NA,NA,0.705343054,"ITGAL","protein_coding","Anti","CDS","no",50,9
"ENSG00000009413",NA,NA,NA,NA,NA,NA,NA,NA,NA,NA,NA,NA,-0.9469,-0.8036,NA,"REV3L","protein_coding","Anti-same","5utr","no",100,5
"ENSG00000010292",NA,NA,NA,NA,NA,NA,NA,NA,NA,NA,NA,NA,NA,NA,0.387103907,"NCAPD2","protein_coding","Anti-same","5utr","no",100,13
"ENSG00000013297",NA,NA,NA,NA,NA,NA,0.5523,NA,NA,NA,0.5897,NA,0.6048,NA,NA,"CLDN11","protein_coding","Anti-same","CDS","no",30,0
"ENSG00000019144",NA,NA,NA,NA,NA,NA,0.5722,NA,0.6902,NA,NA,NA,0.5968,0.6225,NA,"PHLDB1","protein_coding","Anti","3utr","no",100,0
"ENSG00000026025",NA,NA,NA,NA,NA,NA,0.6493,NA,-1.48,NA,NA,NA,NA,NA,NA,"VIM","protein_coding","Same","5utr","NDD",90,79
"ENSG00000034510",NA,NA,NA,NA,NA,NA,NA,1.696,NA,NA,NA,NA,NA,-0.5663,-0.497328342,"TMSB10","protein_coding","Same","3utr","no",100,9
"ENSG00000035664",NA,NA,NA,NA,-0.254885884622607,NA,NA,NA,NA,NA,NA,NA,NA,NA,NA,"DAPK2","protein_coding","Same","CDS","no",50,6
"ENSG00000036530",NA,NA,NA,NA,NA,NA,NA,NA,NA,NA,NA,NA,NA,NA,-0.318672724,"CYP46A1","protein_coding","Same","5utr","NDD",50,0
"ENSG00000037241",NA,-0.562280275213828,NA,NA,NA,NA,NA,NA,NA,NA,NA,NA,NA,NA,-0.388874655,"RPL26L1","protein_coding","Same","5utr","no",100,48
"ENSG00000047578",NA,NA,NA,NA,NA,NA,NA,NA,NA,NA,NA,NA,NA,NA,0.313161808,"KIAA0556","protein_coding","Anti-same","CDS","no",80,2
"ENSG00000049283",NA,NA,NA,NA,NA,NA,NA,NA,NA,NA,NA,NA,NA,NA,-0.576693876,"EPN3","protein_coding","Anti","CDS","no",100,22
"ENSG00000049540",NA,NA,NA,NA,NA,NA,NA,NA,NA,NA,NA,NA,NA,NA,0.541602979,"ELN","protein_coding","Same","CDS","no",100,6
"ENSG00000051128",NA,NA,NA,NA,NA,NA,NA,NA,NA,NA,NA,NA,NA,NA,0.328705821,"HOMER3","protein_coding","Same","5utr","no",80,21
"ENSG00000053918",NA,NA,NA,NA,NA,NA,NA,NA,NA,NA,NA,NA,-0.5675,NA,0.571532169,"KCNQ1","protein_coding","Anti-same","CDS","no",80,8
"ENSG00000054356",NA,0.27572879015116,NA,NA,NA,NA,NA,NA,NA,NA,NA,NA,NA,NA,NA,"PTPRN","protein_coding","Same","CDS","no",100,17
"ENSG00000055070",NA,NA,NA,NA,NA,NA,NA,NA,NA,NA,NA,NA,NA,NA,0.278453192,"SZRD1","protein_coding","Anti-same","3utr","no",100,2
"ENSG00000055813",NA,NA,NA,NA,NA,NA,NA,NA,NA,NA,NA,NA,NA,NA,-0.454402125,"CCDC85A","protein_coding","Anti","5utr","no",90,0
"ENSG00000056736",NA,NA,NA,NA,NA,NA,NA,NA,NA,NA,NA,NA,NA,NA,0.371302302,"IL17RB","protein_coding","Same","CDS","no",50,2
"ENSG00000058262",NA,NA,NA,NA,NA,NA,0.5577,NA,0.7637,NA,0.5349,NA,0.5401,0.7353,NA,"SEC61A1","protein_coding","Same","CDS","no",50,0
"ENSG00000059915",NA,0.46879677291874,NA,NA,NA,NA,NA,NA,NA,NA,NA,NA,NA,NA,NA,"PSD","protein_coding","Same","5utr","no",80,0
"ENSG00000061273",NA,NA,NA,NA,NA,NA,0.7094,NA,NA,NA,NA,NA,NA,NA,NA,"HDAC7","protein_coding","Anti","CDS","no",100,0
"ENSG00000061938",NA,0.2581396921033,NA,NA,NA,NA,NA,NA,NA,NA,NA,NA,NA,NA,NA,"TNK2","protein_coding","Anti-same","5utr","no",100,36
"ENSG00000062282",NA,NA,NA,NA,NA,NA,NA,NA,NA,NA,NA,NA,NA,NA,-0.303600358,"DGAT2",NA,NA,NA,NA,NA,NA
"ENSG00000065534",NA,NA,NA,NA,NA,NA,NA,NA,NA,NA,NA,NA,NA,NA,0.352822111,"MYLK","protein_coding","Anti-same","CDS","no",100,8
"ENSG00000065911",NA,NA,NA,NA,NA,NA,NA,NA,NA,NA,NA,NA,NA,NA,0.448811837,"MTHFD2",NA,NA,NA,NA,NA,NA
"ENSG00000066032",NA,NA,NA,NA,NA,NA,-0.7012,NA,-1.052,NA,NA,-1.459,-0.5555,-0.5639,NA,"CTNNA2","protein_coding","Anti-same","CDS","no",100,8
"ENSG00000066827",NA,NA,NA,NA,NA,NA,NA,NA,NA,NA,NA,NA,NA,NA,0.29350808,"ZFAT","protein_coding","Same","CDS","no",100,1
"ENSG00000068724",NA,NA,NA,NA,NA,NA,NA,NA,NA,-0.7383,NA,NA,NA,NA,0.375962947,"TTC7A","protein_coding","Same","5utr","no",100,0
"ENSG00000069667",NA,NA,NA,-1.58757297497566,NA,NA,-0.6277,NA,NA,NA,NA,-0.617,NA,NA,NA,"RORA","protein_coding","Anti-same","3utr","no",100,9
"ENSG00000069966",NA,NA,NA,NA,NA,NA,NA,NA,NA,NA,NA,NA,NA,NA,-0.319776132,"GNB5","protein_coding","Anti","CDS","no",30,15
"ENSG00000072201",NA,NA,NA,NA,NA,NA,NA,NA,NA,NA,NA,NA,NA,NA,-0.354100758,"LNX1",NA,NA,NA,NA,NA,NA
"ENSG00000072682",NA,NA,NA,NA,NA,NA,NA,NA,NA,NA,NA,NA,NA,NA,0.397345543,"P4HA2","protein_coding","Same","3utr","no",100,10
"ENSG00000075711",NA,NA,NA,NA,NA,NA,NA,NA,-1.25,NA,NA,NA,NA,NA,NA,"DLG1","protein_coding","Anti","5utr","no",100,46
"ENSG00000077782",NA,NA,NA,NA,NA,NA,NA,NA,NA,NA,NA,NA,NA,NA,0.3321162,"FGFR1","protein_coding","Anti","CDS","no",100,47
"ENSG00000078795",NA,NA,NA,NA,NA,NA,NA,NA,NA,NA,NA,NA,NA,NA,0.524651562,"PKD2L2","protein_coding","Anti","5utr","no",90,0
"ENSG00000079277",NA,NA,NA,NA,NA,NA,NA,NA,NA,-0.7897,NA,NA,NA,NA,NA,"MKNK1",NA,NA,NA,NA,NA,NA
"ENSG00000079337",NA,NA,NA,NA,NA,NA,NA,NA,1.187,NA,0.8904,0.9331,1.013,1.372,0.462291576,"RAPGEF3","protein_coding","Same","CDS","no",100,3
"ENSG00000079385",NA,NA,NA,NA,NA,NA,NA,NA,NA,NA,NA,NA,NA,NA,0.956020307,"CEACAM1","protein_coding","Same","CDS","no",60,24
"ENSG00000080824",NA,NA,NA,NA,NA,NA,0.968,1.796,1.804,NA,NA,0.7805,0.8866,1.243,NA,"HSP90AA1","protein_coding","Anti","5utr","NDD",50,273
"ENSG00000081189",NA,NA,NA,NA,NA,NA,NA,1.652,NA,-0.8324,NA,NA,-0.5328,NA,-0.474468814,"MEF2C","protein_coding","Same","5utr","no",100,17
"ENSG00000081913",NA,NA,NA,NA,NA,NA,-0.6456,NA,-0.8832,NA,NA,NA,-0.5265,NA,0.436653946,"PHLPP1","protein_coding","Anti","CDS","no",60,0
"ENSG00000082805",NA,NA,NA,NA,NA,NA,NA,NA,NA,NA,NA,NA,NA,NA,0.339057325,"ERC1","protein_coding","Same","5utr","no",100,32
"ENSG00000083312",NA,NA,NA,NA,NA,NA,NA,NA,NA,0.6374,NA,NA,NA,NA,NA,"TNPO1","protein_coding","Anti","5utr","no",50,29
"ENSG00000084636",NA,NA,NA,NA,NA,NA,NA,NA,0.7437,NA,NA,NA,NA,NA,NA,"COL16A1","protein_coding","Anti-same","CDS","no",100,0
"ENSG00000085117",NA,NA,NA,NA,NA,NA,NA,NA,NA,NA,NA,NA,0.7568,0.5874,0.338104554,"CD82","protein_coding","Anti","CDS","no",100,5
"ENSG00000088727",NA,-0.44817908017331,NA,NA,NA,NA,NA,NA,NA,NA,NA,NA,NA,NA,-0.288610017,"KIF9","protein_coding","Anti-same","5utr","no",100,3
"ENSG00000089159",NA,NA,NA,NA,NA,NA,NA,NA,NA,NA,NA,NA,NA,NA,0.299581021,"PXN","protein_coding","Anti-same","CDS","no",100,89
"ENSG00000090238",NA,NA,NA,NA,NA,NA,NA,NA,0.9919,NA,0.871,0.5591,0.6533,0.5797,NA,"YPEL3","protein_coding","Anti","5utr","no",50,0
"ENSG00000090376",NA,NA,NA,NA,NA,NA,NA,NA,NA,NA,NA,NA,NA,NA,0.582321652,"IRAK3","protein_coding","Same","3utr","no",50,7
"ENSG00000090889",NA,NA,NA,NA,NA,NA,NA,NA,NA,NA,NA,NA,NA,NA,0.454860091,"KIF4A","protein_coding","Same","5utr","no",100,10
"ENSG00000091436",NA,NA,NA,NA,NA,NA,NA,NA,NA,NA,NA,NA,NA,NA,0.319033111,"MAP3K20","protein_coding","Anti","CDS","no",70,0
"ENSG00000091664",NA,NA,NA,NA,NA,NA,NA,NA,NA,NA,NA,NA,NA,NA,-0.975933433,"SLC17A6","protein_coding","Same","5utr","no",50,0
"ENSG00000091879",NA,NA,NA,NA,NA,NA,NA,NA,NA,NA,NA,NA,NA,NA,0.70800184,"ANGPT2","protein_coding","Anti-same","3utr","no",60,4
"ENSG00000092421",NA,NA,NA,NA,NA,NA,NA,NA,NA,NA,NA,NA,-0.775,-0.5869,0.322305663,"SEMA6A","protein_coding","Anti","5utr","NDD",100,7
"ENSG00000092841",NA,NA,NA,NA,NA,NA,NA,1.148,NA,NA,NA,NA,NA,NA,NA,"MYL6","protein_coding","Anti","5utr","no",100,27
"ENSG00000092871",NA,NA,NA,NA,NA,NA,NA,NA,NA,NA,NA,NA,NA,NA,0.312631118,"RFFL","protein_coding","Same","3utr","no",100,7
"ENSG00000095380",NA,-0.437753918173453,NA,NA,NA,NA,NA,NA,NA,NA,NA,NA,NA,NA,NA,"NANS","protein_coding","Same","3utr","no",50,0
"ENSG00000096063",NA,-0.326190005813187,NA,NA,NA,NA,NA,NA,NA,NA,NA,NA,NA,NA,NA,"SRPK1","protein_coding","Anti","3utr","no",100,54
"ENSG00000100027",NA,0.283588304785969,NA,NA,NA,NA,NA,NA,NA,NA,NA,NA,NA,NA,NA,"YPEL1","protein_coding","Anti-same","3utr","no",100,0
"ENSG00000100092",NA,NA,NA,NA,NA,NA,NA,NA,NA,NA,NA,NA,NA,NA,0.285169226,"SH3BP1",NA,NA,NA,NA,NA,NA
"ENSG00000100365",NA,NA,NA,NA,NA,NA,NA,NA,NA,NA,NA,NA,NA,NA,0.454358982,"NCF4","protein_coding","Anti","CDS","no",70,5
"ENSG00000100393",NA,NA,NA,NA,NA,NA,NA,NA,NA,NA,NA,NA,NA,NA,0.375721821,"EP300","protein_coding","Same","CDS","no",80,286
"ENSG00000100439",NA,NA,NA,NA,NA,NA,NA,NA,NA,NA,NA,NA,NA,NA,0.391698494,"ABHD4","protein_coding","Same","5utr","no",100,1
"ENSG00000101384",NA,NA,NA,NA,NA,NA,NA,1.414,0.5004,NA,NA,NA,NA,NA,NA,"JAG1","protein_coding","Anti-same","CDS","no",50,8
"ENSG00000102003",NA,NA,NA,NA,NA,NA,NA,NA,NA,NA,NA,NA,NA,NA,-0.582332897,"SYP","protein_coding","Anti","5utr","NDD",100,5
"ENSG00000102898",NA,NA,NA,NA,NA,NA,NA,NA,NA,NA,NA,NA,NA,NA,-0.270257754,"NUTF2","protein_coding","Anti","5utr","no",30,0
"ENSG00000103274",NA,-0.434333921016608,NA,NA,NA,NA,NA,NA,NA,NA,NA,NA,NA,NA,NA,"NUBP1","protein_coding","Anti","CDS","no",30,2
"ENSG00000103335",NA,NA,NA,NA,NA,NA,NA,NA,0.5276,NA,NA,NA,NA,NA,0.44564971,"PIEZO1","protein_coding","Same","CDS","no",90,7
"ENSG00000103550",NA,NA,NA,NA,NA,NA,0.8748,NA,NA,NA,NA,0.5678,NA,NA,0.441481647,"KNOP1","protein_coding","Same","5utr","no",100,8
"ENSG00000103599",NA,-0.386460563544072,NA,NA,NA,NA,NA,NA,NA,NA,NA,NA,NA,NA,NA,"IQCH","protein_coding","Anti-same","CDS","no",100,2
"ENSG00000103978",NA,NA,NA,NA,NA,NA,NA,NA,NA,NA,NA,NA,NA,NA,0.274637143,"TMEM87A","protein_coding","Same","CDS","no",70,16
"ENSG00000104643",NA,-0.292040792140683,NA,NA,NA,NA,NA,NA,NA,NA,NA,NA,NA,NA,NA,"MTMR9","protein_coding","Same","3utr","no",30,20
"ENSG00000104960",NA,NA,NA,NA,NA,NA,0.5699,NA,0.8584,NA,NA,NA,0.6655,0.5584,NA,"PTOV1","protein_coding","Anti","CDS","no",60,7
"ENSG00000105281",NA,NA,NA,1.48894072787585,NA,NA,NA,NA,NA,NA,NA,NA,NA,NA,0.804725463,"SLC1A5","protein_coding","Anti","CDS","no",80,20
"ENSG00000105483",NA,NA,NA,NA,NA,NA,NA,NA,NA,NA,NA,NA,NA,NA,0.287466443,"CARD8",NA,NA,NA,NA,NA,NA
"ENSG00000105499",NA,NA,NA,NA,NA,NA,NA,NA,NA,NA,NA,NA,0.5421,NA,NA,"PLA2G4C","protein_coding","Anti","CDS","no",30,0
"ENSG00000105568",NA,NA,NA,NA,NA,NA,NA,NA,0.7629,NA,NA,NA,NA,NA,-0.273062584,"PPP2R1A","protein_coding","Anti","CDS","no",50,150
"ENSG00000105677",NA,NA,NA,NA,NA,NA,NA,NA,NA,NA,NA,NA,-0.544,NA,NA,"TMEM147","protein_coding","Anti","5utr","no",70,2
"ENSG00000105810",NA,NA,NA,NA,NA,NA,NA,NA,NA,NA,NA,NA,NA,NA,0.298833143,"CDK6",NA,NA,NA,NA,NA,NA
"ENSG00000106028",NA,NA,NA,NA,NA,NA,NA,NA,NA,NA,0.7703,NA,NA,NA,NA,"SSBP1","protein_coding","Anti-same","5utr","no",50,0
"ENSG00000106069",NA,NA,NA,NA,NA,NA,NA,NA,NA,NA,-1.042,NA,NA,NA,NA,"CHN2","protein_coding","Anti","3utr","no",60,1
"ENSG00000106078",NA,NA,NA,NA,NA,NA,NA,NA,-0.5277,NA,NA,NA,NA,-0.5318,0.460503589,"COBL","protein_coding","Same","3utr","no",100,21
"ENSG00000106397",NA,NA,NA,NA,NA,NA,0.6389,NA,1.381,NA,NA,0.681,0.6717,0.6536,0.665304639,"PLOD3","protein_coding","Same","5utr","no",100,14
"ENSG00000106399",NA,NA,NA,NA,NA,NA,NA,NA,NA,NA,NA,NA,NA,NA,-0.260114419,"RPA3","protein_coding","Same","5utr","no",30,0
"ENSG00000106484",NA,-0.424835433983873,NA,NA,NA,NA,NA,NA,NA,NA,NA,NA,NA,NA,NA,"MEST","protein_coding","Same","CDS","no",30,0
"ENSG00000106991",NA,NA,NA,NA,NA,NA,NA,1.425,NA,NA,NA,NA,NA,NA,NA,"ENG","protein_coding","Same","CDS","no",50,14
"ENSG00000107736",NA,NA,NA,NA,NA,NA,0.7335,NA,NA,NA,NA,NA,NA,NA,0.466506815,"CDH23","protein_coding","Anti","3utr","no",50,0
"ENSG00000107758",NA,NA,NA,NA,NA,NA,NA,NA,NA,NA,NA,NA,NA,NA,-0.405996023,"PPP3CB","protein_coding","Anti","5utr","no",80,19
"ENSG00000108474",NA,-0.253258173600434,NA,NA,NA,NA,NA,NA,NA,NA,NA,NA,NA,NA,NA,"PIGL","protein_coding","Same","5utr","no",50,0
"ENSG00000108641",NA,NA,NA,NA,NA,NA,NA,NA,NA,NA,NA,NA,NA,NA,-0.448705627,"B9D1","protein_coding","Anti-same","5utr","no",50,23
"ENSG00000108786",NA,NA,NA,NA,NA,NA,NA,NA,NA,NA,NA,NA,NA,NA,0.36735506,"HSD17B1","protein_coding","Same","5utr","no",50,2
"ENSG00000108932",NA,NA,NA,NA,NA,NA,NA,NA,NA,NA,NA,NA,NA,NA,-0.717705973,"SLC16A6","protein_coding","Same","CDS","no",70,5
"ENSG00000109111",NA,NA,NA,NA,NA,NA,NA,NA,NA,NA,NA,NA,NA,NA,0.258523055,"SUPT6H",NA,NA,NA,NA,NA,NA
"ENSG00000109787",NA,NA,NA,NA,NA,NA,NA,NA,NA,NA,NA,NA,NA,NA,0.337427741,"KLF3","protein_coding","Same","5utr","no",100,4
"ENSG00000110092",NA,NA,NA,NA,NA,NA,NA,NA,NA,NA,NA,NA,NA,NA,0.25891075,"CCND1","protein_coding","Anti-same","3utr","no",50,70
"ENSG00000110436",NA,NA,NA,NA,NA,NA,-1.585,NA,-0.8507,NA,NA,-0.5897,NA,NA,-0.532289375,"SLC1A2","protein_coding","Same","5utr","NDD",80,3
"ENSG00000111321",NA,NA,NA,NA,NA,NA,NA,NA,NA,NA,NA,NA,NA,NA,0.349673646,"LTBR","protein_coding","Same","5utr","no",100,63
"ENSG00000111405",NA,NA,NA,NA,NA,NA,NA,NA,NA,NA,NA,NA,NA,NA,-0.428556428,"ENDOU","protein_coding","Same","5utr","NDD",50,0
"ENSG00000111639",NA,-0.612837179088237,NA,NA,NA,NA,NA,NA,NA,NA,NA,NA,NA,NA,NA,"MRPL51","protein_coding","Anti-same","5utr","no",30,0
"ENSG00000111962",NA,-0.534886880951927,NA,NA,NA,NA,NA,NA,-0.8696,NA,NA,NA,NA,NA,NA,"UST","protein_coding","Anti","CDS","no",50,0
"ENSG00000112276",NA,NA,NA,NA,NA,NA,NA,NA,NA,NA,NA,NA,NA,NA,0.785228702,"BVES","protein_coding","Anti","5utr","no",50,4
"ENSG00000112394",NA,NA,NA,NA,NA,NA,NA,NA,NA,NA,NA,NA,NA,NA,-0.474189754,"SLC16A10",NA,NA,NA,NA,NA,NA
"ENSG00000112425",NA,NA,NA,NA,NA,NA,NA,NA,-0.5523,NA,NA,NA,NA,NA,NA,"EPM2A","protein_coding","Same","5utr","NDD",50,0
"ENSG00000113073",NA,NA,NA,NA,NA,NA,NA,NA,NA,NA,NA,NA,NA,NA,0.684020955,"SLC4A9","protein_coding","Anti","CDS","no",70,0
"ENSG00000113140",NA,NA,NA,NA,NA,NA,NA,1.697,NA,NA,NA,NA,NA,NA,NA,"SPARC","protein_coding","Anti","5utr","no",100,9
"ENSG00000113448",NA,NA,NA,NA,NA,NA,-1.229,NA,NA,-0.642,NA,-0.6623,NA,NA,NA,"PDE4D","protein_coding","Anti-same","5utr","NDD",100,21
"ENSG00000113594",NA,NA,NA,NA,0.26833704967021,NA,NA,NA,NA,NA,NA,NA,1.062,NA,0.312090541,"LIFR","protein_coding","Anti","5utr","no",100,11
"ENSG00000114648",NA,NA,NA,NA,NA,NA,NA,NA,NA,-0.5731,NA,NA,NA,NA,NA,"KLHL18","protein_coding","Same","5utr","no",100,0
"ENSG00000114757",-0.553623856186077,NA,NA,NA,NA,NA,NA,NA,-0.5822,NA,NA,NA,NA,NA,NA,"PEX5L","protein_coding","Anti-same","5utr","no",100,0
"ENSG00000114812",NA,NA,NA,NA,NA,NA,NA,NA,NA,NA,NA,NA,NA,NA,-0.335274559,"VIPR1","protein_coding","Anti-same","5utr","no",100,2
"ENSG00000115107",NA,NA,NA,NA,NA,NA,NA,NA,NA,NA,NA,NA,NA,NA,0.504834942,"STEAP3",NA,NA,NA,NA,NA,NA
"ENSG00000115738",NA,NA,NA,NA,NA,NA,NA,NA,NA,NA,NA,NA,-0.5209,-0.5268,NA,"ID2","protein_coding","Anti","5utr","no",80,17
"ENSG00000115816",NA,NA,NA,NA,NA,NA,NA,NA,-0.5612,NA,NA,NA,NA,NA,NA,"CEBPZ","protein_coding","Same","CDS","no",80,19
"ENSG00000115840",NA,NA,NA,NA,NA,NA,-0.6071,NA,NA,NA,NA,NA,NA,NA,-0.294329311,"SLC25A12","protein_coding","Anti","5utr","no",100,0
"ENSG00000116133",NA,NA,NA,NA,NA,NA,0.787,NA,1.332,NA,0.8593,0.7909,NA,0.835,NA,"DHCR24","protein_coding","Anti","5utr","NDD",30,13
"ENSG00000116147",NA,NA,NA,NA,NA,NA,NA,NA,-0.7309,NA,NA,NA,NA,NA,0.907574695,"TNR","protein_coding","Anti","3utr","NDD",50,0
"ENSG00000116221",NA,NA,NA,NA,NA,NA,NA,NA,NA,NA,NA,NA,NA,NA,-0.277931961,"MRPL37","protein_coding","Anti","3utr","no",50,31
"ENSG00000117298",NA,NA,NA,NA,NA,NA,0.7,NA,0.8276,NA,NA,0.5402,NA,NA,0.342411748,"ECE1","protein_coding","Anti-same","5utr","NDD",100,4
"ENSG00000118276",NA,NA,NA,NA,NA,NA,NA,NA,NA,NA,NA,NA,NA,NA,-0.481114807,"B4GALT6","protein_coding","Same","5utr","no",50,0
"ENSG00000118503",NA,NA,NA,NA,NA,NA,NA,NA,NA,NA,NA,NA,NA,NA,0.724642758,"TNFAIP3","protein_coding","Anti","5utr","no",100,44
"ENSG00000119042",NA,NA,NA,NA,NA,NA,NA,NA,NA,NA,0.5547,NA,NA,NA,NA,"SATB2","protein_coding","Anti","5utr","no",80,12
"ENSG00000120458",NA,NA,NA,NA,NA,NA,NA,NA,NA,NA,NA,NA,NA,NA,0.359299954,"MSANTD2","protein_coding","Anti-same","5utr","no",90,0
"ENSG00000120509",NA,-0.751524261801757,NA,NA,NA,NA,NA,NA,NA,NA,NA,NA,NA,NA,-0.338785398,"PDZD11","protein_coding","Same","5utr","no",50,0
"ENSG00000120729",NA,NA,NA,NA,NA,NA,NA,NA,NA,NA,NA,NA,NA,NA,0.60922638,"MYOT","protein_coding","Anti","CDS","no",60,7
"ENSG00000121454",NA,NA,NA,NA,NA,NA,NA,NA,NA,NA,NA,NA,NA,NA,0.412612582,"LHX4",NA,NA,NA,NA,NA,NA
"ENSG00000121905",NA,NA,NA,NA,NA,NA,NA,NA,NA,NA,NA,NA,NA,NA,-0.431080503,"HPCA","protein_coding","Same","CDS","no",50,0
"ENSG00000122386",NA,NA,NA,NA,NA,NA,NA,NA,NA,NA,NA,NA,NA,NA,0.255354567,"ZNF205",NA,NA,NA,NA,NA,NA
"ENSG00000122483",NA,NA,NA,NA,NA,NA,NA,NA,NA,NA,NA,NA,NA,NA,-0.269463857,"CCDC18","protein_coding","Anti","3utr","no",100,12
"ENSG00000123119",NA,NA,NA,NA,NA,NA,NA,NA,NA,NA,NA,NA,NA,NA,-0.343676255,"NECAB1","protein_coding","Anti","5utr","NDD",60,0
"ENSG00000123358",NA,-0.846327027924823,NA,NA,NA,NA,-0.8842,NA,NA,NA,NA,NA,NA,-0.5236,0.746013261,"NR4A1","protein_coding","Anti","3utr","no",100,25
"ENSG00000123562",NA,NA,NA,NA,NA,NA,NA,NA,0.8426,NA,NA,NA,NA,NA,NA,"MORF4L2","protein_coding","Anti-same","5utr","no",100,35
"ENSG00000123684",NA,NA,NA,NA,NA,NA,NA,NA,-0.7579,NA,NA,-0.538,NA,NA,NA,"LPGAT1","protein_coding","Same","5utr","no",50,12
"ENSG00000124181",NA,NA,NA,NA,NA,NA,NA,NA,NA,NA,NA,NA,NA,NA,0.313468588,"PLCG1","protein_coding","Anti","CDS","no",30,79
"ENSG00000124251",NA,NA,NA,NA,-0.395649442614125,NA,NA,NA,NA,NA,NA,NA,NA,NA,NA,"TP53TG5","protein_coding","Anti-same","5utr","no",70,0
"ENSG00000125037",NA,-0.362614139124495,NA,NA,NA,NA,NA,NA,NA,NA,NA,NA,NA,NA,NA,"EMC3","protein_coding","Anti","3utr","no",60,20
"ENSG00000125733",NA,NA,NA,NA,NA,NA,NA,NA,NA,NA,NA,NA,NA,NA,0.631342665,"TRIP10","protein_coding","Anti","3utr","no",80,24
"ENSG00000125746",NA,NA,NA,NA,NA,NA,NA,NA,NA,NA,NA,NA,NA,NA,0.329845732,"EML2","protein_coding","Same","5utr","no",50,4
"ENSG00000125869",NA,NA,-0.893574743062871,NA,NA,NA,NA,NA,NA,NA,NA,NA,NA,NA,-0.910425768,"LAMP5","protein_coding","Same","5utr","no",50,0
"ENSG00000125952",NA,-0.329638579751758,NA,NA,NA,NA,NA,NA,NA,NA,NA,NA,NA,NA,NA,"MAX","protein_coding","Anti","5utr","no",100,56
"ENSG00000125966",NA,NA,NA,NA,NA,NA,NA,NA,NA,NA,NA,NA,NA,NA,-0.270396549,"MMP24","protein_coding","Same","3utr","no",50,0
"ENSG00000126005",NA,NA,NA,NA,NA,NA,NA,NA,NA,NA,NA,NA,NA,NA,-0.301255602,"MMP24OS","protein_coding","Same","3utr","no",0,0
"ENSG00000126777",NA,NA,NA,NA,NA,NA,NA,NA,NA,NA,NA,NA,NA,NA,0.272583004,"KTN1","protein_coding","Anti-same","5utr","no",100,25
"ENSG00000128271",NA,NA,NA,NA,NA,NA,NA,NA,NA,NA,NA,NA,NA,NA,0.544141653,"ADORA2A","protein_coding","Anti-same","5utr","NDD",80,20
"ENSG00000128585",NA,NA,NA,NA,NA,NA,NA,NA,NA,NA,NA,NA,0.6414,NA,NA,"MKLN1","protein_coding","Same","5utr","no",80,20
"ENSG00000128833",NA,-0.283145682657514,NA,NA,NA,NA,NA,NA,NA,NA,NA,NA,NA,NA,NA,"MYO5C","protein_coding","Anti","CDS","no",50,82
"ENSG00000128918",NA,NA,NA,NA,NA,NA,NA,NA,NA,0.6348,NA,NA,NA,NA,NA,"ALDH1A2","protein_coding","Anti","5utr","no",50,0
"ENSG00000128923",NA,NA,NA,NA,NA,NA,NA,NA,NA,NA,NA,NA,NA,NA,0.442643396,"MINDY2","protein_coding","Same","3utr","no",70,0
"ENSG00000129250",NA,NA,NA,NA,NA,NA,NA,NA,NA,NA,NA,NA,NA,NA,0.549019256,"KIF1C","protein_coding","Same","CDS","no",70,24
"ENSG00000129451",NA,NA,NA,NA,NA,NA,NA,NA,NA,NA,NA,NA,NA,NA,-0.657412764,"KLK10","protein_coding","Anti","3utr","no",50,0
"ENSG00000129493",NA,NA,NA,NA,NA,NA,NA,NA,NA,NA,NA,NA,NA,NA,0.349812001,"HEATR5A","protein_coding","Anti","5utr","no",50,3
"ENSG00000129654",NA,NA,NA,NA,NA,NA,NA,NA,NA,NA,NA,NA,NA,NA,0.845221403,"FOXJ1","protein_coding","Same","5utr","no",70,8
"ENSG00000130332",NA,NA,NA,NA,NA,NA,NA,NA,0.9352,NA,NA,NA,NA,NA,NA,"LSM7","protein_coding","Anti","5utr","no",100,18
"ENSG00000130821",NA,NA,NA,NA,NA,NA,0.8407,1.379,0.9902,NA,NA,0.9617,0.557,0.7193,0.275099119,"SLC6A8","protein_coding","Anti","5utr","no",80,0
"ENSG00000130822",NA,NA,NA,NA,NA,NA,NA,NA,NA,NA,NA,NA,NA,NA,-0.345840111,"PNCK",NA,NA,NA,NA,NA,NA
"ENSG00000131095",0.706425202458949,1.30273114614523,NA,NA,NA,NA,1.98,1.674,2.242,0.8526,1.926,1.803,1.318,1.88,0.536222335,"GFAP","protein_coding","Anti","3utr","NDD",90,0
"ENSG00000131626",NA,NA,NA,NA,NA,NA,0.7263,NA,NA,NA,NA,NA,NA,NA,NA,"PPFIA1","protein_coding","Same","CDS","no",100,29
"ENSG00000132361",NA,0.487966043428189,NA,NA,NA,NA,NA,NA,NA,NA,NA,NA,NA,NA,NA,"CLUH","protein_coding","Anti","5utr","no",50,11
"ENSG00000132405",NA,NA,NA,NA,NA,NA,NA,NA,NA,0.9271,NA,NA,NA,NA,NA,"TBC1D14","protein_coding","Same","3utr","no",100,5
"ENSG00000132846",NA,NA,NA,NA,NA,NA,NA,NA,NA,NA,NA,NA,NA,NA,0.706292368,"ZBED3","protein_coding","Anti","5utr","no",100,4
"ENSG00000133639",NA,NA,NA,NA,NA,NA,NA,NA,NA,NA,-0.7531,NA,NA,NA,NA,"BTG1","protein_coding","Anti-same","5utr","no",100,5
"ENSG00000133657",NA,NA,NA,NA,NA,NA,NA,NA,-0.5722,NA,NA,NA,NA,NA,NA,"ATP13A3","protein_coding","Anti","5utr","no",100,6
"ENSG00000133661",NA,NA,NA,NA,NA,NA,NA,NA,NA,NA,NA,NA,NA,NA,-0.366612096,"SFTPD",NA,NA,NA,NA,NA,NA
"ENSG00000134202",NA,NA,NA,NA,NA,NA,-0.5497,NA,NA,NA,NA,NA,NA,NA,NA,"GSTM3","protein_coding","Anti","3utr","no",30,0
"ENSG00000134248",NA,-0.49011143560364,NA,NA,NA,NA,NA,NA,NA,NA,NA,NA,NA,NA,-0.278894532,"LAMTOR5","protein_coding","Anti-same","5utr","no",60,19
"ENSG00000134369",NA,NA,NA,NA,NA,NA,NA,NA,NA,NA,NA,NA,NA,NA,0.311416237,"NAV1","protein_coding","Anti","CDS","no",100,20
"ENSG00000134569",NA,NA,NA,NA,NA,NA,NA,NA,NA,NA,NA,NA,NA,0.636,0.513691941,"LRP4","protein_coding","Same","CDS","no",50,8
"ENSG00000134686",NA,NA,NA,NA,NA,NA,NA,NA,NA,0.7525,NA,NA,NA,NA,NA,"PHC2","protein_coding","Anti","CDS","no",90,35
"ENSG00000134769",NA,NA,NA,0.477263792395162,NA,NA,NA,NA,NA,NA,NA,NA,NA,NA,NA,"DTNA","protein_coding","Anti","5utr","no",100,0
"ENSG00000135540",NA,NA,NA,NA,NA,NA,-1.215,NA,NA,1.049,NA,NA,NA,NA,NA,"NHSL1","protein_coding","Same","CDS","no",100,3
"ENSG00000135541",NA,NA,NA,NA,NA,-0.44832646029687,0.7032,NA,NA,NA,0.5034,NA,NA,NA,-0.324263187,"AHI1","protein_coding","Anti","5utr","no",100,34
"ENSG00000135720",NA,NA,NA,NA,NA,NA,0.6282,NA,NA,NA,NA,NA,NA,NA,NA,"DYNC1LI2","protein_coding","Anti","5utr","no",80,12
"ENSG00000135835",NA,NA,NA,NA,NA,NA,NA,NA,NA,NA,NA,NA,NA,NA,0.356589908,"KIAA1614","protein_coding","Same","3utr","no",100,0
"ENSG00000136160",NA,NA,NA,NA,NA,NA,-0.7991,NA,NA,NA,NA,NA,NA,NA,NA,"EDNRB","protein_coding","Anti","5utr","no",60,2
"ENSG00000136367",NA,NA,NA,NA,NA,NA,NA,NA,NA,NA,NA,NA,NA,NA,0.30320831,"ZFHX2","protein_coding","Anti","5utr","no",100,0
"ENSG00000136908",NA,NA,NA,NA,NA,NA,NA,NA,NA,NA,NA,NA,NA,NA,-0.250169821,"DPM2","protein_coding","Anti","5utr","no",100,0
"ENSG00000137133",NA,NA,NA,NA,NA,NA,NA,NA,NA,NA,NA,NA,NA,NA,-0.411614059,"HINT2","protein_coding","Anti","5utr","no",50,0
"ENSG00000137494",NA,NA,NA,NA,NA,NA,NA,NA,NA,NA,NA,NA,NA,NA,-0.298623988,"ANKRD42","protein_coding","Anti","5utr","no",100,1
"ENSG00000137497",NA,NA,NA,NA,NA,NA,NA,NA,1.285,NA,NA,NA,NA,NA,0.32872844,"NUMA1","protein_coding","Anti","CDS","no",100,35
"ENSG00000137507",NA,NA,NA,NA,NA,NA,NA,NA,NA,NA,NA,NA,NA,NA,0.42210969,"LRRC32",NA,NA,NA,NA,NA,NA
"ENSG00000137726",NA,NA,NA,NA,NA,NA,NA,NA,NA,NA,NA,NA,NA,NA,-0.325923708,"FXYD6","protein_coding","Same","3utr","no",80,0
"ENSG00000137821",NA,NA,NA,NA,NA,NA,-0.6075,NA,NA,NA,NA,NA,NA,NA,-0.434479516,"LRRC49","protein_coding","Same","5utr","no",50,23
"ENSG00000138172",NA,NA,NA,NA,NA,NA,NA,NA,NA,NA,NA,NA,NA,NA,0.303632446,"CALHM2","protein_coding","Anti-same","5utr","NDD",50,0
"ENSG00000138185",NA,NA,NA,NA,NA,NA,-0.899,NA,NA,NA,NA,NA,NA,NA,NA,"ENTPD1","protein_coding","Anti","5utr","no",50,3
"ENSG00000138735",NA,NA,NA,NA,NA,NA,NA,NA,-0.7604,NA,-0.8535,NA,NA,NA,NA,"PDE5A","protein_coding","Anti","3utr","no",50,1
"ENSG00000139112",NA,NA,NA,NA,NA,NA,NA,NA,NA,NA,NA,NA,NA,NA,-0.328960548,"GABARAPL1","protein_coding","Same","5utr","NDD",100,49
"ENSG00000139220",NA,NA,NA,NA,NA,NA,NA,NA,-0.7426,NA,NA,-0.5413,-0.5791,NA,-0.347430796,"PPFIA2","protein_coding","Same","CDS","no",100,8
"ENSG00000140416",NA,NA,NA,NA,NA,NA,NA,-1.806,NA,NA,NA,NA,NA,NA,-0.263575831,"TPM1","protein_coding","Same","5utr","no",100,37
"ENSG00000140548",NA,NA,NA,NA,NA,NA,NA,NA,NA,-0.6635,NA,NA,NA,NA,NA,"ZNF710","protein_coding","Same","3utr","no",60,0
"ENSG00000141337",NA,-0.428066100487675,NA,NA,NA,NA,NA,NA,NA,NA,NA,NA,NA,NA,NA,"ARSG","protein_coding","Same","CDS","no",30,0
"ENSG00000141527",NA,NA,NA,NA,NA,NA,NA,NA,NA,NA,NA,NA,NA,NA,0.336539348,"CARD14",NA,NA,NA,NA,NA,NA
"ENSG00000141741",NA,-0.30972690604585,NA,NA,0.440497416136297,NA,NA,NA,NA,NA,NA,NA,NA,NA,NA,"MIEN1","protein_coding","Anti","CDS","no",100,0
"ENSG00000142002",NA,NA,NA,NA,NA,NA,NA,NA,NA,NA,NA,NA,NA,NA,0.271127274,"DPP9","protein_coding","Same","CDS","no",50,12
"ENSG00000142798",NA,NA,NA,NA,NA,NA,NA,NA,NA,NA,NA,NA,NA,NA,0.585387765,"HSPG2","protein_coding","Same","3utr","no",100,16
"ENSG00000143228",NA,NA,NA,NA,NA,NA,NA,NA,NA,NA,NA,NA,NA,NA,-0.380174725,"NUF2","protein_coding","Anti-same","5utr","no",50,32
"ENSG00000143373",NA,NA,NA,NA,NA,NA,NA,NA,NA,NA,NA,NA,NA,NA,0.266594681,"ZNF687","protein_coding","Same","5utr","no",100,16
"ENSG00000144455",NA,-0.266791660287068,NA,NA,NA,NA,-0.6943,NA,-0.7733,-0.7086,NA,NA,NA,NA,NA,"SUMF1","protein_coding","Anti-same","5utr","no",80,0
"ENSG00000144893",NA,NA,NA,NA,NA,NA,NA,NA,NA,NA,NA,NA,-0.831,NA,-0.345156124,"MED12L","protein_coding","Same","3utr","no",60,6
"ENSG00000144908",NA,NA,NA,NA,NA,NA,0.9264,NA,0.8912,NA,NA,NA,0.5532,0.7154,NA,"ALDH1L1","protein_coding","Anti","5utr","no",100,0
"ENSG00000145012",NA,NA,NA,NA,NA,NA,NA,NA,NA,NA,NA,NA,NA,NA,0.338739976,"LPP","protein_coding","Anti","5utr","no",100,7
"ENSG00000145335",NA,NA,NA,0.987777550036889,NA,NA,NA,NA,NA,NA,NA,NA,NA,NA,-0.399946207,"SNCA","protein_coding","Anti-same","5utr","NDD",100,110
"ENSG00000145824",NA,NA,NA,NA,NA,NA,NA,NA,NA,NA,-1.651,NA,NA,-1.01,-0.430718142,"CXCL14","protein_coding","Same","5utr","no",70,0
"ENSG00000146054",NA,NA,NA,NA,NA,NA,NA,NA,NA,NA,NA,NA,NA,NA,-0.33896869,"TRIM7","protein_coding","Anti","5utr","no",80,4
"ENSG00000146094",NA,NA,NA,NA,NA,NA,NA,NA,NA,NA,NA,NA,NA,NA,0.455384715,"DOK3","protein_coding","Anti","CDS","no",100,12
"ENSG00000146122",NA,NA,NA,NA,NA,NA,NA,NA,-0.596,NA,0.5327,NA,NA,NA,0.442718928,"DAAM2","protein_coding","Anti","CDS","no",60,0
"ENSG00000146373",NA,NA,NA,NA,NA,NA,NA,NA,NA,NA,NA,NA,NA,NA,0.254914122,"RNF217",NA,NA,NA,NA,NA,NA
"ENSG00000147465",NA,NA,NA,NA,NA,NA,NA,NA,NA,NA,NA,NA,NA,NA,-0.405574278,"STAR","protein_coding","Anti","5utr","no",100,3
"ENSG00000147676",NA,NA,NA,NA,NA,NA,NA,NA,NA,NA,NA,NA,NA,NA,-0.871532189,"MAL2","protein_coding","Anti","3utr","no",0,0
"ENSG00000148143",NA,NA,NA,NA,NA,NA,NA,NA,-0.5794,NA,NA,NA,NA,NA,NA,"ZNF462","protein_coding","Anti","3utr","no",70,6
"ENSG00000148180",NA,NA,NA,NA,NA,NA,NA,NA,NA,NA,NA,NA,NA,NA,0.360283692,"GSN","protein_coding","Anti-same","5utr","NDD",50,37
"ENSG00000148291",NA,NA,NA,NA,NA,NA,NA,NA,NA,NA,NA,NA,NA,NA,-0.312361891,"SURF2","protein_coding","Same","5utr","no",70,21
"ENSG00000149187",NA,NA,NA,NA,NA,NA,NA,NA,NA,NA,0.5317,NA,NA,NA,NA,"CELF1","protein_coding","Same","5utr","no",100,13
"ENSG00000149212",NA,0.259494668882698,NA,NA,NA,NA,-0.6314,NA,NA,NA,NA,NA,NA,NA,NA,"SESN3","protein_coding","Anti-same","5utr","no",100,5
"ENSG00000149806",NA,NA,NA,NA,NA,NA,NA,NA,NA,NA,NA,NA,NA,-0.5509,NA,"FAU","protein_coding","Same","5utr","no",100,0
"ENSG00000150672",NA,0.262000917613377,NA,NA,NA,NA,-0.6651,NA,-0.6919,-0.6098,NA,-0.6314,-0.5737,-0.581,NA,"DLG2","protein_coding","Anti","5utr","no",100,4
"ENSG00000150779",NA,-0.523823950029181,NA,NA,NA,NA,NA,NA,NA,NA,NA,NA,NA,NA,NA,"TIMM8B","protein_coding","Same","3utr","no",100,0
"ENSG00000151012",NA,NA,NA,NA,NA,NA,NA,-3.74,NA,NA,NA,NA,NA,NA,NA,"SLC7A11","protein_coding","Same","3utr","no",70,3
"ENSG00000151093",NA,NA,NA,NA,NA,NA,NA,NA,NA,NA,NA,NA,NA,NA,-0.275951496,"OXSM","protein_coding","Anti","5utr","no",50,0
"ENSG00000151474",-0.329495617621566,NA,NA,NA,NA,NA,-1.275,NA,-1.569,-0.7588,NA,NA,NA,-0.7693,NA,"FRMD4A","protein_coding","Anti-same","3utr","NDD",80,1
"ENSG00000151503",NA,NA,NA,NA,NA,NA,NA,NA,NA,NA,NA,NA,NA,NA,0.324840873,"NCAPD3","protein_coding","Anti","3utr","no",100,0
"ENSG00000151702",NA,NA,NA,NA,NA,NA,NA,NA,-0.5058,NA,NA,NA,NA,NA,NA,"FLI1","protein_coding","Same","5utr","no",100,9
"ENSG00000151952",NA,NA,NA,NA,NA,NA,NA,NA,NA,NA,NA,NA,NA,NA,-0.327045261,"TMEM132D",NA,NA,NA,NA,NA,NA
"ENSG00000152580",NA,NA,NA,NA,NA,NA,NA,NA,NA,NA,NA,NA,NA,NA,-0.443952634,"IGSF10","protein_coding","Same","3utr","no",100,0
"ENSG00000152601",NA,NA,NA,NA,NA,NA,NA,NA,NA,NA,NA,NA,NA,0.5411,NA,"MBNL1","protein_coding","Anti","5utr","no",100,7
"ENSG00000152779",NA,NA,NA,NA,NA,NA,NA,NA,NA,NA,NA,NA,NA,NA,0.890623618,"SLC16A12","protein_coding","Same","5utr","no",100,0
"ENSG00000152894",NA,NA,NA,NA,NA,NA,NA,NA,-0.6408,NA,NA,NA,NA,NA,NA,"PTPRK","protein_coding","Anti","CDS","no",100,67
"ENSG00000152931",NA,NA,NA,NA,NA,NA,NA,NA,NA,NA,NA,NA,NA,NA,-1.013201409,"PART1",NA,NA,NA,NA,NA,NA
"ENSG00000154146",NA,NA,NA,NA,-0.98759196984505,NA,NA,NA,NA,NA,NA,NA,NA,NA,-0.510105195,"NRGN","protein_coding","Anti","3utr","NDD",100,3
"ENSG00000154258",NA,NA,NA,NA,NA,NA,NA,NA,NA,NA,NA,NA,NA,NA,0.300895264,"ABCA9","protein_coding","Anti","CDS","no",50,0
"ENSG00000154277",NA,NA,NA,NA,NA,NA,NA,NA,NA,NA,NA,NA,NA,NA,-0.476827452,"UCHL1","protein_coding","Anti","5utr","NDD",100,26
"ENSG00000154655",NA,NA,NA,NA,NA,NA,0.9034,NA,NA,NA,NA,NA,NA,NA,0.272601535,"L3MBTL4","protein_coding","Anti","3utr","no",50,0
"ENSG00000154767",NA,-0.347191026720808,NA,NA,NA,NA,NA,NA,NA,NA,NA,NA,NA,NA,NA,"XPC","protein_coding","Same","3utr","no",100,60
"ENSG00000154864",NA,NA,NA,NA,NA,NA,NA,NA,NA,NA,NA,NA,NA,NA,0.678118868,"PIEZO2","protein_coding","Same","3utr","no",60,0
"ENSG00000154889",NA,-0.400682782819867,NA,NA,NA,NA,NA,NA,NA,NA,NA,NA,NA,NA,NA,"MPPE1","protein_coding","Anti","3utr","no",50,0
"ENSG00000155097",NA,NA,NA,NA,NA,NA,NA,NA,NA,NA,NA,NA,NA,NA,-0.285303395,"ATP6V1C1","protein_coding","Anti-same","5utr","no",30,8
"ENSG00000156113",NA,NA,NA,NA,NA,NA,NA,-3.382,NA,NA,NA,NA,NA,NA,-0.272491484,"KCNMA1","protein_coding","Same","CDS","NDD",80,6
"ENSG00000157445",NA,NA,NA,NA,NA,NA,0.8726,-1.646,NA,NA,NA,NA,NA,NA,-0.382874757,"CACNA2D3","protein_coding","Same","CDS","no",100,0
"ENSG00000157778",NA,NA,NA,NA,NA,NA,NA,NA,NA,NA,NA,NA,NA,NA,-0.342249161,"PSMG3","protein_coding","Anti-same","5utr","no",50,0
"ENSG00000159399",NA,NA,NA,NA,NA,NA,NA,NA,NA,NA,NA,NA,NA,NA,0.587109417,"HK2","protein_coding","Anti","5utr","no",50,0
"ENSG00000159692",NA,NA,NA,NA,NA,NA,NA,NA,NA,NA,NA,NA,NA,0.6198,NA,"CTBP1","protein_coding","Same","5utr","no",80,86
"ENSG00000160188",NA,NA,NA,NA,NA,NA,NA,NA,NA,NA,NA,NA,NA,NA,-0.393064832,"RSPH1","protein_coding","Anti","5utr","no",90,0
"ENSG00000160190",NA,NA,NA,NA,NA,NA,NA,NA,NA,0.5416,NA,NA,NA,NA,NA,"SLC37A1","protein_coding","Anti","5utr","no",70,0
"ENSG00000160678",NA,NA,NA,NA,NA,NA,-0.6618,NA,NA,NA,NA,NA,NA,NA,NA,"S100A1","protein_coding","Anti","5utr","NDD",100,16
"ENSG00000160716",NA,NA,NA,NA,NA,NA,NA,NA,NA,NA,NA,NA,NA,NA,-0.524190679,"CHRNB2","protein_coding","Same","3utr","NDD",50,1
"ENSG00000160753",NA,NA,NA,NA,NA,NA,NA,NA,0.7379,NA,NA,NA,NA,NA,NA,"RUSC1","protein_coding","Same","5utr","no",90,17
"ENSG00000161638",NA,NA,NA,NA,NA,NA,NA,NA,NA,NA,NA,NA,NA,NA,0.803978652,"ITGA5","protein_coding","Anti","CDS","no",70,17
"ENSG00000161714",NA,NA,NA,NA,NA,NA,0.6336,NA,NA,NA,NA,NA,NA,NA,0.290207827,"PLCD3","protein_coding","Anti-same","5utr","NDD",50,6
"ENSG00000162086",NA,-0.272261501413078,NA,NA,NA,NA,NA,NA,NA,NA,NA,NA,NA,NA,NA,"ZNF75A","protein_coding","Anti","5utr","no",90,0
"ENSG00000162144",NA,NA,NA,NA,NA,NA,NA,NA,NA,NA,NA,NA,NA,NA,0.267169883,"CYB561A3","protein_coding","Same","5utr","no",80,0
"ENSG00000162298",NA,NA,NA,NA,NA,NA,NA,NA,0.6149,NA,NA,NA,NA,NA,NA,"SYVN1","protein_coding","Same","3utr","no",80,30
"ENSG00000162517",NA,NA,NA,NA,NA,NA,NA,NA,NA,NA,NA,NA,NA,NA,-0.260981475,"PEF1","protein_coding","Anti-same","CDS","no",100,11
"ENSG00000163126",NA,NA,NA,NA,NA,NA,NA,NA,NA,NA,NA,NA,NA,NA,0.496585799,"ANKRD23","protein_coding","Anti","3utr","no",50,0
"ENSG00000163214",NA,NA,NA,NA,NA,NA,NA,NA,NA,NA,NA,NA,NA,NA,-0.270731488,"DHX57","protein_coding","Anti","CDS","no",100,11
"ENSG00000163395",NA,NA,NA,NA,NA,NA,NA,NA,NA,NA,NA,NA,NA,NA,-1.287966349,"IGFN1","protein_coding","Anti","CDS","no",90,0
"ENSG00000163806",NA,NA,NA,NA,NA,NA,NA,NA,NA,NA,NA,NA,NA,NA,-0.342989,"SPDYA","protein_coding","Anti","3utr","no",100,0
"ENSG00000163947",NA,NA,NA,NA,NA,NA,1.162,NA,NA,NA,NA,NA,NA,NA,NA,"ARHGEF3","protein_coding","Anti","5utr","no",100,2
"ENSG00000164023",NA,NA,NA,NA,NA,NA,NA,NA,NA,NA,NA,NA,NA,NA,0.436462368,"SGMS2","protein_coding","Anti-same","5utr","no",100,9
"ENSG00000164109",NA,NA,NA,NA,NA,NA,NA,NA,NA,NA,NA,NA,NA,NA,-0.422569407,"MAD2L1","protein_coding","Anti-same","5utr","no",100,49
"ENSG00000164114",NA,NA,NA,NA,NA,NA,NA,NA,NA,NA,NA,NA,NA,NA,-0.316878651,"MAP9",NA,NA,NA,NA,NA,NA
"ENSG00000164506",NA,NA,NA,NA,NA,NA,-0.6014,NA,NA,NA,NA,NA,NA,NA,NA,"STXBP5","protein_coding","Anti-same","5utr","no",80,12
"ENSG00000164591",NA,NA,NA,NA,NA,NA,NA,NA,NA,NA,NA,NA,NA,NA,-0.517561049,"MYOZ3","protein_coding","Same","5utr","no",100,2
"ENSG00000165072",NA,NA,-0.424904927571702,NA,NA,NA,-0.6539,NA,NA,-0.7747,NA,NA,NA,-0.5522,NA,"MAMDC2","protein_coding","Anti-same","CDS","no",30,2
"ENSG00000165424",NA,NA,NA,NA,NA,NA,NA,NA,NA,NA,0.5769,NA,NA,0.6874,0.309539783,"ZCCHC24","protein_coding","Same","3utr","no",100,0
"ENSG00000165678",NA,NA,NA,NA,NA,NA,NA,NA,NA,NA,NA,NA,NA,NA,-0.405093511,"GHITM","protein_coding","Same","5utr","no",50,0
"ENSG00000165795",NA,NA,NA,NA,NA,NA,NA,1.583,1.038,0.6289,1.042,0.8317,0.6854,1.089,NA,"NDRG2","protein_coding","Same","5utr","NDD",50,6
"ENSG00000166086",NA,NA,NA,NA,NA,NA,NA,NA,NA,NA,NA,NA,NA,NA,0.366161181,"JAM3","protein_coding","Anti","3utr","no",100,5
"ENSG00000166348",NA,NA,NA,NA,NA,NA,NA,NA,NA,NA,NA,NA,NA,NA,0.640803332,"USP54","protein_coding","Anti","5utr","no",100,22
"ENSG00000166484",NA,NA,NA,NA,NA,NA,NA,NA,NA,NA,NA,NA,NA,NA,0.267004132,"MAPK7","protein_coding","Same","5utr","no",80,21
"ENSG00000166598",NA,NA,NA,NA,NA,NA,0.7622,NA,0.9741,1.364,NA,NA,NA,0.6271,NA,"HSP90B1","protein_coding","Anti","5utr","no",100,50
"ENSG00000167173",NA,NA,NA,NA,NA,NA,NA,NA,NA,NA,NA,NA,NA,NA,0.494425123,"C15orf39","protein_coding","Anti","3utr","no",90,10
"ENSG00000167208",NA,NA,NA,NA,NA,NA,NA,NA,NA,NA,NA,NA,NA,NA,0.635255878,"SNX20",NA,NA,NA,NA,NA,NA
"ENSG00000167283",NA,NA,NA,NA,NA,NA,NA,NA,NA,NA,NA,NA,NA,NA,-0.376678954,"ATP5MG","protein_coding","Anti","5utr","no",100,0
"ENSG00000167754",NA,NA,NA,NA,NA,NA,NA,NA,NA,NA,NA,NA,NA,NA,-0.708005415,"KLK5","protein_coding","Anti","5utr","no",50,30
"ENSG00000167863",NA,NA,NA,NA,NA,NA,NA,NA,NA,NA,NA,NA,NA,NA,-0.434178004,"ATP5PD","protein_coding","Same","CDS","no",100,0
"ENSG00000167978",NA,NA,NA,NA,NA,NA,NA,NA,NA,NA,NA,NA,NA,0.6164,0.524033769,"SRRM2","protein_coding","Anti","5utr","NDD",100,69
"ENSG00000168032",NA,-0.416220877950649,NA,NA,NA,NA,NA,NA,NA,NA,NA,NA,NA,NA,-0.659246162,"ENTPD3","protein_coding","Same","CDS","no",70,0
"ENSG00000168152",NA,NA,NA,NA,NA,NA,NA,NA,NA,NA,NA,NA,NA,NA,0.272174464,"THAP9",NA,NA,NA,NA,NA,NA
"ENSG00000168481",NA,NA,NA,NA,NA,NA,NA,NA,1.105,NA,0.7713,NA,0.7591,0.8292,NA,"LGI3","protein_coding","Anti","CDS","no",90,0
"ENSG00000168539",NA,NA,NA,NA,NA,NA,NA,NA,NA,NA,NA,NA,NA,NA,-0.475695667,"CHRM1",NA,NA,NA,NA,NA,NA
"ENSG00000168569",NA,-0.662820715907091,NA,NA,NA,NA,NA,NA,NA,NA,NA,NA,NA,NA,NA,"TMEM223",NA,NA,NA,NA,NA,NA
"ENSG00000168575",NA,NA,NA,NA,NA,NA,0.8223,NA,NA,NA,NA,NA,NA,NA,NA,"SLC20A2","protein_coding","Same","5utr","no",100,4
"ENSG00000168743",2.06731817242576,NA,NA,NA,NA,NA,NA,NA,NA,NA,NA,NA,NA,NA,0.672851334,"NPNT","protein_coding","Same","3utr","no",100,0
"ENSG00000168763",NA,NA,NA,NA,NA,NA,NA,NA,NA,NA,NA,NA,NA,NA,0.328882107,"CNNM3","protein_coding","Anti","3utr","no",60,8
"ENSG00000168818",NA,NA,NA,NA,NA,NA,NA,NA,NA,NA,NA,NA,NA,NA,-0.264415056,"STX18","protein_coding","Anti-same","5utr","no",90,27
"ENSG00000168958",NA,NA,NA,NA,NA,NA,-0.5451,NA,NA,NA,NA,NA,NA,NA,NA,"MFF","protein_coding","Anti-same","5utr","no",100,3
"ENSG00000169021",NA,NA,NA,NA,NA,NA,NA,NA,NA,NA,NA,NA,NA,NA,-0.316481833,"UQCRFS1","protein_coding","Anti-same","5utr","no",50,13
"ENSG00000169564",NA,NA,NA,NA,0.298591294359009,NA,NA,NA,0.7828,NA,0.5404,NA,NA,0.7049,NA,"PCBP1","protein_coding","Anti-same","CDS","no",50,95
"ENSG00000169740",NA,NA,NA,NA,NA,NA,NA,NA,0.6884,NA,NA,NA,NA,NA,NA,"ZNF32","protein_coding","Anti","3utr","no",70,0
"ENSG00000170231",NA,NA,NA,NA,NA,NA,NA,NA,NA,NA,NA,NA,NA,NA,-0.356487891,"FABP6","protein_coding","Anti","5utr","no",100,0
"ENSG00000170473",NA,NA,NA,NA,NA,NA,NA,NA,NA,NA,NA,NA,NA,NA,-0.313466318,"PYM1","protein_coding","Anti","5utr","no",100,0
"ENSG00000171130",NA,NA,NA,NA,NA,NA,NA,NA,NA,NA,NA,NA,NA,NA,-0.349806387,"ATP6V0E2","protein_coding","Same","5utr","no",90,0
"ENSG00000171408",NA,NA,NA,NA,NA,NA,-0.7638,NA,NA,NA,NA,NA,NA,-0.523,NA,"PDE7B","protein_coding","Anti","3utr","no",50,0
"ENSG00000171940",NA,NA,NA,NA,NA,NA,NA,NA,NA,NA,NA,NA,NA,NA,0.337164288,"ZNF217","protein_coding","Anti","5utr","no",100,9
"ENSG00000172171",NA,-0.369422461538236,NA,NA,NA,NA,NA,NA,NA,NA,NA,NA,NA,NA,NA,"TEFM","protein_coding","Anti","5utr","no",50,0
"ENSG00000172260",NA,0.276908958540282,NA,NA,NA,NA,-0.54,NA,NA,NA,NA,NA,NA,NA,-0.506409282,"NEGR1","protein_coding","Anti-same","3utr","no",50,0
"ENSG00000172349",NA,NA,NA,NA,NA,NA,NA,NA,NA,NA,-0.5798,NA,NA,NA,0.429529412,"IL16","protein_coding","Same","3utr","no",100,32
"ENSG00000172379",NA,NA,NA,NA,NA,NA,NA,-1.474,NA,NA,NA,NA,NA,NA,NA,"ARNT2","protein_coding","Same","CDS","no",80,7
"ENSG00000172878",NA,NA,NA,NA,NA,NA,NA,NA,-0.5315,NA,NA,NA,NA,NA,NA,"METAP1D","protein_coding","Anti","5utr","no",50,0
"ENSG00000173163",NA,NA,NA,NA,NA,NA,NA,NA,NA,NA,NA,NA,NA,NA,-0.280809606,"COMMD1","protein_coding","Anti","3utr","no",100,39
"ENSG00000173599",NA,NA,NA,NA,NA,NA,0.5453,NA,NA,NA,NA,NA,NA,NA,NA,"PC","protein_coding","Anti","CDS","no",50,0
"ENSG00000174306",NA,NA,NA,NA,NA,NA,NA,NA,-0.6942,NA,NA,NA,0.5095,NA,0.2677245,"ZHX3","protein_coding","Anti","3utr","no",100,6
"ENSG00000175147",NA,NA,NA,NA,NA,NA,NA,NA,NA,NA,NA,NA,NA,NA,0.296928209,"TMEM51-AS1",NA,NA,NA,NA,NA,NA
"ENSG00000175538",NA,NA,NA,NA,NA,NA,NA,NA,NA,NA,NA,NA,NA,NA,0.381507763,"KCNE3","protein_coding","Anti","3utr","NDD",100,0
"ENSG00000175928",NA,NA,NA,NA,NA,NA,NA,NA,NA,NA,NA,NA,-0.6696,NA,0.375094522,"LRRN1","protein_coding","Anti-same","5utr","no",30,1
"ENSG00000176209",NA,NA,NA,NA,NA,NA,NA,NA,NA,NA,NA,NA,NA,NA,-0.256982176,"SMIM19","protein_coding","Same","5utr","no",100,0
"ENSG00000176358",NA,-0.551724485425457,NA,NA,NA,NA,NA,NA,NA,NA,NA,NA,NA,NA,NA,"TAC4","protein_coding","Anti-same","CDS","no",100,0
"ENSG00000176658",NA,NA,NA,NA,NA,NA,NA,NA,NA,NA,NA,NA,NA,NA,0.649254428,"MYO1D","protein_coding","Same","5utr","no",50,0
"ENSG00000176697",NA,NA,NA,NA,NA,NA,NA,NA,NA,NA,NA,NA,NA,NA,-0.506828395,"BDNF","protein_coding","Anti","5utr","NDD",60,8
"ENSG00000177640",NA,NA,NA,NA,NA,NA,NA,NA,NA,NA,NA,NA,NA,NA,-0.303777259,"CASC2","protein_coding","Anti-same","5utr","no",0,0
"ENSG00000177853",NA,NA,NA,NA,NA,NA,-0.5081,NA,NA,NA,NA,NA,NA,NA,NA,"ZNF518A","protein_coding","Anti","CDS","no",0,0
"ENSG00000177879",NA,-0.355350149778471,NA,NA,NA,NA,NA,NA,NA,NA,NA,NA,NA,NA,-0.357790021,"AP3S1","protein_coding","Anti","5utr","no",30,0
"ENSG00000177971",NA,NA,NA,NA,NA,NA,NA,NA,NA,NA,NA,NA,NA,NA,-0.276454973,"IMP3","protein_coding","Anti-same","3utr","no",100,11
"ENSG00000178803",NA,NA,NA,NA,NA,NA,NA,NA,NA,NA,NA,NA,NA,NA,0.41132472,"ADORA2A-AS1",NA,NA,NA,NA,NA,NA
"ENSG00000178860",NA,NA,NA,NA,NA,NA,NA,NA,NA,NA,NA,NA,NA,NA,-0.504427775,"MSC","protein_coding","Same","5utr","NDD",80,0
"ENSG00000178965",NA,NA,NA,NA,NA,NA,NA,NA,NA,NA,NA,NA,NA,NA,-0.560540972,"ERICH3","protein_coding","Same","CDS","no",90,0
"ENSG00000179335",NA,NA,NA,NA,NA,NA,NA,NA,0.6139,NA,NA,NA,NA,NA,NA,"CLK3","protein_coding","Anti","3utr","no",100,0
"ENSG00000179388",NA,NA,NA,NA,NA,NA,NA,NA,NA,NA,NA,NA,NA,NA,-0.662348148,"EGR3","protein_coding","Anti-same","3utr","no",100,1
"ENSG00000179455",NA,NA,NA,NA,NA,NA,NA,NA,-0.5899,NA,NA,NA,NA,NA,0.530598307,"MKRN3","protein_coding","Same","3utr","no",60,8
"ENSG00000179562",NA,NA,NA,NA,NA,NA,NA,NA,NA,NA,NA,NA,NA,NA,0.309687045,"GCC1","protein_coding","Anti-same","3utr","no",90,0
"ENSG00000179583",NA,NA,NA,NA,NA,NA,NA,NA,NA,NA,NA,NA,NA,NA,0.611871058,"CIITA","protein_coding","Same","5utr","no",80,24
"ENSG00000179818",NA,NA,NA,NA,NA,NA,NA,NA,NA,NA,NA,NA,NA,NA,0.503794935,"PCBP1-AS1",NA,NA,NA,NA,NA,NA
"ENSG00000180228",NA,NA,NA,NA,NA,NA,NA,NA,NA,-0.5047,NA,NA,NA,NA,NA,"PRKRA","protein_coding","Anti-same","CDS","no",100,22
"ENSG00000181350",NA,NA,NA,NA,NA,-1.24896093453123,NA,NA,NA,NA,NA,NA,NA,NA,-0.409911673,"LRRC75A","protein_coding","Anti","3utr","no",90,0
"ENSG00000181929",NA,-0.51620239936849,NA,NA,NA,NA,NA,NA,NA,NA,NA,NA,NA,NA,NA,"PRKAG1","protein_coding","Same","5utr","no",100,29
"ENSG00000182253",1.02800062081687,NA,NA,NA,NA,NA,0.8023,NA,NA,NA,NA,NA,NA,NA,0.371843236,"SYNM","protein_coding","Same","CDS","NDD",90,14
"ENSG00000182841",NA,NA,NA,NA,NA,NA,NA,NA,NA,NA,NA,NA,NA,NA,0.286826902,"RRP7BP",NA,NA,NA,NA,NA,NA
"ENSG00000182901",NA,NA,NA,NA,NA,NA,-1.082,NA,NA,NA,NA,NA,NA,NA,-0.60579966,"RGS7","protein_coding","Anti","3utr","no",70,4
"ENSG00000183569",NA,NA,NA,NA,NA,NA,NA,NA,NA,NA,NA,NA,NA,NA,0.404149528,"SERHL2","protein_coding","Anti","5utr","no",50,0
"ENSG00000183718",NA,NA,NA,NA,NA,NA,NA,NA,NA,NA,NA,NA,NA,NA,0.311367861,"TRIM52","protein_coding","Same","3utr","no",70,0
"ENSG00000183963",NA,NA,NA,NA,NA,NA,NA,NA,NA,NA,NA,NA,NA,NA,0.684574132,"SMTN","protein_coding","Same","5utr","no",100,3
"ENSG00000184619",NA,NA,NA,NA,NA,NA,NA,NA,NA,NA,NA,NA,NA,NA,0.515949443,"KRBA2","protein_coding","Anti","5utr","no",50,0
"ENSG00000185052",NA,NA,NA,NA,NA,NA,-0.7723,-1.49,NA,NA,-0.6382,NA,NA,NA,NA,"SLC24A3","protein_coding","Anti","CDS","no",70,0
"ENSG00000185627",NA,NA,NA,NA,NA,NA,NA,NA,0.6823,NA,NA,NA,NA,NA,-0.284469896,"PSMD13","protein_coding","Same","5utr","no",100,51
"ENSG00000185669",NA,NA,NA,NA,-0.529223481327759,NA,NA,NA,NA,NA,NA,NA,NA,NA,NA,"SNAI3","protein_coding","Anti","5utr","no",70,0
"ENSG00000186635",NA,NA,NA,NA,NA,NA,NA,NA,0.7692,NA,NA,NA,NA,0.6361,0.528032791,"ARAP1","protein_coding","Same","CDS","no",60,10
"ENSG00000186854",NA,NA,NA,NA,NA,NA,NA,NA,NA,NA,NA,NA,NA,NA,-0.486412093,"TRABD2A","protein_coding","Same","3utr","no",50,0
"ENSG00000186868",NA,NA,NA,NA,NA,NA,0.5413,NA,NA,NA,NA,NA,NA,NA,NA,"MAPT","protein_coding","Anti","5utr","NDD",100,75
"ENSG00000187024",NA,-0.570443975150615,NA,NA,NA,NA,NA,NA,NA,NA,NA,NA,NA,NA,NA,"PTRH1","protein_coding","Anti-same","5utr","no",50,4
"ENSG00000187144",NA,NA,NA,NA,NA,NA,NA,NA,NA,NA,NA,NA,NA,NA,0.321058099,"SPATA21","protein_coding","Same","3utr","no",100,0
"ENSG00000187147",NA,NA,NA,NA,NA,NA,NA,NA,-0.601,NA,NA,NA,0.5763,NA,0.317777824,"RNF220","protein_coding","Same","CDS","no",100,0
"ENSG00000188001",NA,NA,NA,NA,NA,NA,NA,NA,NA,0.6482,NA,NA,NA,NA,NA,"TPRG1","protein_coding","Anti","5utr","no",100,0
"ENSG00000188385",NA,NA,NA,NA,NA,NA,NA,NA,NA,NA,NA,NA,NA,NA,0.422288264,"JAKMIP3","protein_coding","Anti","3utr","no",90,0
"ENSG00000188649",NA,NA,NA,NA,NA,NA,NA,NA,NA,NA,NA,NA,NA,NA,-0.438185659,"CC2D2B","protein_coding","Anti","CDS","no",60,0
"ENSG00000189171",NA,NA,NA,NA,NA,NA,NA,NA,NA,NA,NA,NA,NA,NA,-0.37216579,"S100A13","protein_coding","Anti","5utr","no",100,0
"ENSG00000189227",NA,NA,NA,NA,NA,NA,NA,NA,NA,NA,NA,NA,NA,NA,-0.356012338,"C15orf61","protein_coding","Anti-same","5utr","no",50,0
"ENSG00000189337",NA,NA,NA,NA,NA,NA,NA,NA,-0.9828,NA,NA,NA,NA,NA,0.264374089,"KAZN","protein_coding","Anti-same","3utr","no",100,1
"ENSG00000196123",NA,NA,NA,NA,-0.613267658334371,NA,NA,NA,NA,NA,NA,NA,NA,NA,NA,"KIAA0895L","protein_coding","Same","3utr","no",50,0
"ENSG00000196220",NA,NA,NA,NA,-0.302996838458506,NA,-0.8488,NA,NA,NA,NA,NA,NA,NA,NA,"SRGAP3","protein_coding","Anti-same","5utr","no",60,0
"ENSG00000196465",NA,NA,NA,NA,NA,NA,NA,NA,NA,NA,NA,NA,NA,NA,-0.274922328,"MYL6B","protein_coding","Anti","3utr","no",70,14
"ENSG00000196526",NA,NA,NA,NA,NA,-0.38594468847669,NA,NA,NA,NA,NA,NA,NA,NA,NA,"AFAP1","protein_coding","Same","CDS","no",80,18
"ENSG00000196860",NA,NA,NA,NA,NA,NA,NA,NA,NA,NA,NA,NA,NA,NA,-0.39037768,"TOMM20L","protein_coding","Anti","3utr","no",50,2
"ENSG00000197119",NA,NA,NA,NA,-0.525372862644339,NA,0.8784,NA,0.8378,NA,NA,NA,NA,0.7662,NA,"SLC25A29","protein_coding","Anti","5utr","no",100,0
"ENSG00000197291",NA,NA,NA,NA,NA,NA,NA,NA,NA,NA,NA,NA,NA,NA,0.621652056,"RAMP2-AS1",NA,NA,NA,NA,NA,NA
"ENSG00000197361",NA,NA,NA,NA,NA,NA,NA,NA,NA,NA,NA,NA,NA,NA,-0.505824677,"FBXL22","protein_coding","Anti-same","3utr","no",60,3
"ENSG00000197536",NA,NA,NA,NA,NA,NA,NA,NA,-0.554,NA,NA,NA,NA,NA,NA,"C5orf56","lncRNA","Anti","3utr","no",100,0
"ENSG00000197971",NA,NA,NA,NA,NA,NA,0.8508,NA,NA,NA,1.057,NA,NA,NA,NA,"MBP","protein_coding","Anti","3utr","NDD",100,15
"ENSG00000198010",NA,NA,NA,NA,NA,NA,NA,NA,NA,NA,NA,NA,NA,NA,-0.491680969,"DLGAP2","protein_coding","Same","CDS","no",90,1
"ENSG00000198740",NA,NA,NA,NA,NA,NA,NA,NA,NA,NA,NA,NA,NA,NA,0.517865536,"ZNF652","protein_coding","Anti","5utr","no",80,2
"ENSG00000198742",NA,NA,NA,NA,NA,NA,NA,NA,NA,NA,NA,NA,NA,NA,0.268439924,"SMURF1","protein_coding","Anti","CDS","no",50,56
"ENSG00000198964",NA,NA,NA,NA,NA,NA,NA,NA,NA,NA,0.5273,NA,NA,NA,0.258720201,"SGMS1","protein_coding","Same","CDS","no",50,0
"ENSG00000203808",NA,NA,NA,NA,NA,NA,NA,NA,NA,NA,NA,NA,NA,NA,0.367808763,"BVES-AS1",NA,NA,NA,NA,NA,NA
"ENSG00000204291",NA,NA,NA,NA,NA,NA,NA,NA,NA,NA,NA,NA,NA,NA,0.323793986,"COL15A1",NA,NA,NA,NA,NA,NA
"ENSG00000204406",NA,NA,NA,NA,NA,NA,-0.5203,NA,NA,NA,NA,NA,NA,NA,NA,"MBD5","protein_coding","Anti","5utr","no",100,0
"ENSG00000204623",NA,NA,NA,NA,NA,NA,NA,NA,NA,NA,NA,NA,NA,NA,0.463603916,"ZNRD1ASP",NA,NA,NA,NA,NA,NA
"ENSG00000204706",NA,NA,NA,NA,NA,NA,0.5862,NA,NA,NA,NA,NA,NA,NA,NA,"MAMDC2-AS1","lncRNA","Anti-same","CDS","no",0,0
"ENSG00000205277",NA,NA,NA,NA,NA,NA,NA,NA,NA,NA,NA,NA,NA,NA,-0.356605876,"MUC12","protein_coding","Anti","CDS","no",100,0
"ENSG00000205790",NA,NA,NA,NA,NA,NA,NA,NA,NA,NA,NA,NA,NA,NA,0.461240923,"DPP9-AS1","protein_coding","Same","CDS","no",0,0
"ENSG00000213246",NA,-0.437411188371443,NA,NA,NA,NA,NA,NA,NA,NA,NA,NA,NA,NA,NA,"SUPT4H1","protein_coding","Anti-same","5utr","no",50,0
"ENSG00000213619",NA,NA,-0.65452709476481,NA,NA,NA,NA,NA,NA,NA,NA,NA,NA,NA,-0.332356701,"NDUFS3","protein_coding","Same","5utr","no",100,0
"ENSG00000213983",NA,NA,NA,NA,NA,NA,NA,NA,0.6898,NA,0.6733,NA,NA,NA,NA,"AP1G2","protein_coding","Anti-same","3utr","no",50,9
"ENSG00000214548",NA,NA,NA,NA,NA,NA,NA,NA,0.598,NA,-0.5479,NA,-0.626,-0.5126,NA,"MEG3","lncRNA","Anti-same","CDS","no",0,0
"ENSG00000215910",NA,NA,NA,NA,NA,NA,NA,NA,NA,NA,NA,NA,NA,NA,0.389476088,"C1orf167",NA,NA,NA,NA,NA,NA
"ENSG00000218739",NA,NA,NA,NA,NA,NA,NA,NA,NA,NA,NA,NA,NA,NA,-0.36396325,"CEBPZOS","protein_coding","Same","CDS","no",100,0
"ENSG00000221817",NA,NA,NA,NA,NA,NA,NA,NA,NA,NA,NA,NA,NA,NA,0.740510028,"PPP3CB-AS1",NA,NA,NA,NA,NA,NA
"ENSG00000223482",NA,NA,NA,NA,NA,NA,NA,NA,-0.5416,NA,NA,NA,NA,NA,0.356464775,"NUTM2A-AS1","lncRNA","Anti-same","3utr","no",0,0
"ENSG00000225449",NA,NA,NA,NA,NA,NA,NA,NA,NA,NA,NA,NA,NA,NA,-0.5804318,"RAB6C-AS1",NA,NA,NA,NA,NA,NA
"ENSG00000225465",NA,NA,NA,NA,NA,NA,NA,NA,NA,NA,NA,NA,NA,NA,-0.548684957,"RFPL1S",NA,NA,NA,NA,NA,NA
"ENSG00000225953",NA,NA,NA,NA,NA,NA,NA,NA,NA,NA,NA,NA,NA,NA,-0.641283885,"SATB2-AS1",NA,NA,NA,NA,NA,NA
"ENSG00000226648",NA,NA,NA,NA,NA,NA,NA,NA,NA,NA,NA,NA,NA,NA,0.389519642,"PLCG1-AS1",NA,NA,NA,NA,NA,NA
"ENSG00000226688",NA,NA,NA,NA,NA,NA,-0.8025,NA,-0.6409,NA,NA,NA,-0.7778,NA,0.420759627,"ENTPD1-AS1","lncRNA","Anti","5utr","no",0,0
"ENSG00000226800",NA,NA,NA,NA,NA,NA,NA,NA,NA,NA,NA,NA,NA,NA,0.310043208,"CACTIN-AS1",NA,NA,NA,NA,NA,NA
"ENSG00000227495",NA,NA,NA,NA,NA,NA,NA,NA,NA,NA,NA,NA,NA,NA,0.637304431,"KIF1C-AS1",NA,NA,NA,NA,NA,NA
"ENSG00000228237",NA,NA,NA,NA,NA,NA,NA,NA,NA,NA,NA,NA,NA,NA,0.891233188,"EFCAB14-AS1",NA,NA,NA,NA,NA,NA
"ENSG00000228624",NA,NA,NA,NA,NA,NA,NA,NA,NA,NA,NA,NA,NA,NA,0.555994302,"HDAC2-AS2",NA,NA,NA,NA,NA,NA
"ENSG00000229124",NA,NA,NA,NA,NA,NA,NA,NA,NA,NA,NA,NA,NA,NA,0.499741391,"VIM-AS1",NA,NA,NA,NA,NA,NA
"ENSG00000231154",NA,NA,NA,NA,NA,NA,NA,NA,NA,NA,NA,NA,NA,NA,0.309124672,"MORF4L2-AS1",NA,NA,NA,NA,NA,NA
"ENSG00000231721",NA,NA,NA,NA,NA,NA,NA,NA,NA,-0.6098,NA,NA,0.6107,NA,NA,"LINC-PINT","lncRNA","Same","5utr","no",0,0
"ENSG00000231871",NA,NA,NA,NA,NA,NA,NA,NA,-0.5572,NA,NA,NA,NA,-0.5809,0.665584705,"IPO9-AS1","lncRNA","Anti","CDS","no",0,0
"ENSG00000231890",NA,NA,NA,NA,NA,NA,NA,NA,NA,NA,NA,NA,NA,NA,0.463582725,"DARS-AS1",NA,NA,NA,NA,NA,NA
"ENSG00000232160",NA,NA,NA,NA,NA,NA,-0.6069,NA,NA,NA,NA,NA,NA,NA,NA,"RAP2C-AS1","lncRNA","Same","CDS","no",0,0
"ENSG00000232284",NA,NA,NA,NA,NA,NA,-0.5793,NA,NA,NA,NA,NA,NA,NA,NA,"GNG12-AS1","lncRNA","Anti","3utr","no",0,0
"ENSG00000232859",NA,NA,NA,NA,NA,NA,NA,NA,NA,NA,NA,NA,NA,NA,-0.729824726,"LYRM9","protein_coding","Anti","3utr","no",100,0
"ENSG00000232871",NA,NA,NA,NA,NA,NA,NA,NA,NA,NA,NA,NA,NA,NA,-0.28257966,"SEC1P",NA,NA,NA,NA,NA,NA
"ENSG00000232973",NA,NA,NA,NA,NA,NA,NA,NA,NA,NA,NA,NA,NA,NA,-0.894665443,"CYP1B1-AS1",NA,NA,NA,NA,NA,NA
"ENSG00000233452",NA,NA,NA,NA,NA,NA,NA,NA,NA,NA,NA,NA,NA,NA,-0.491016143,"STXBP5-AS1",NA,NA,NA,NA,NA,NA
"ENSG00000234616",NA,NA,NA,NA,NA,NA,NA,NA,NA,NA,NA,NA,NA,NA,0.279023366,"JRK","protein_coding","Same","5utr","no",0,0
"ENSG00000234945",NA,NA,NA,NA,NA,NA,NA,NA,NA,NA,NA,NA,NA,NA,0.558637932,"GTF3C2-AS1",NA,NA,NA,NA,NA,NA
"ENSG00000235033",NA,NA,NA,NA,NA,NA,NA,NA,NA,NA,NA,NA,NA,NA,0.718973691,"DAAM2-AS1",NA,NA,NA,NA,NA,NA
"ENSG00000235079",NA,NA,NA,NA,NA,NA,NA,NA,NA,NA,NA,NA,NA,NA,0.329792529,"ZRANB2-AS1",NA,NA,NA,NA,NA,NA
"ENSG00000235531",NA,NA,NA,NA,NA,NA,NA,NA,NA,NA,NA,NA,NA,NA,-0.521573413,"MSC-AS1",NA,NA,NA,NA,NA,NA
"ENSG00000235865",NA,NA,NA,NA,NA,NA,NA,NA,NA,NA,NA,NA,NA,NA,0.785584708,"GSN-AS1",NA,NA,NA,NA,NA,NA
"ENSG00000236051",NA,NA,NA,NA,NA,NA,NA,NA,NA,NA,NA,NA,NA,NA,0.615639834,"MYCBP2-AS1",NA,NA,NA,NA,NA,NA
"ENSG00000236107",NA,NA,NA,NA,NA,NA,NA,NA,NA,NA,NA,NA,NA,NA,0.315091838,"SCN1A-AS1",NA,NA,NA,NA,NA,NA
"ENSG00000236939",NA,NA,NA,NA,NA,NA,NA,NA,NA,NA,NA,NA,NA,NA,-0.511184948,"BAALC-AS2",NA,NA,NA,NA,NA,NA
"ENSG00000237298",NA,NA,NA,NA,NA,NA,-0.6203,NA,NA,NA,NA,NA,NA,NA,NA,"TTN-AS1","lncRNA","Anti-same","CDS","no",0,0
"ENSG00000237737",NA,NA,NA,NA,NA,NA,NA,NA,NA,NA,NA,NA,NA,NA,-0.694569185,"DCTN1-AS1",NA,NA,NA,NA,NA,NA
"ENSG00000238133",NA,NA,NA,NA,NA,NA,NA,NA,NA,NA,NA,NA,NA,NA,0.699034378,"MAP3K20-AS1",NA,NA,NA,NA,NA,NA
"ENSG00000239523",NA,NA,NA,NA,NA,NA,NA,NA,NA,NA,NA,NA,NA,NA,0.412689986,"MYLK-AS1",NA,NA,NA,NA,NA,NA
"ENSG00000241837",NA,NA,NA,NA,NA,NA,NA,NA,NA,NA,NA,NA,NA,NA,-0.3519145,"ATP5PO","protein_coding","Anti-same","5utr","no",100,0
"ENSG00000244302",NA,NA,NA,NA,NA,NA,NA,NA,NA,NA,NA,NA,NA,NA,0.583410493,"PEX5L-AS2",NA,NA,NA,NA,NA,NA
"ENSG00000245498",NA,NA,NA,NA,NA,NA,NA,NA,NA,NA,NA,NA,NA,NA,0.450879912,"LOC100507283",NA,NA,NA,NA,NA,NA
"ENSG00000245573",NA,NA,NA,NA,NA,NA,-0.5026,1.474,NA,NA,NA,NA,NA,NA,NA,"BDNF-AS","lncRNA","Anti","5utr","NDD",0,0
"ENSG00000246174",NA,NA,NA,NA,NA,NA,NA,NA,NA,NA,NA,NA,NA,NA,0.394389706,"KCTD21-AS1",NA,NA,NA,NA,NA,NA
"ENSG00000246477",NA,NA,NA,NA,NA,NA,NA,NA,NA,NA,NA,NA,NA,NA,0.412705923,"LOC101929290",NA,NA,NA,NA,NA,NA
"ENSG00000247595",NA,NA,NA,NA,NA,NA,NA,NA,NA,NA,NA,NA,NA,NA,0.310382831,"SPTY2D1OS","protein_coding","Same","3utr","no",0,0
"ENSG00000247675",NA,NA,NA,NA,NA,NA,-0.9585,NA,-0.9322,NA,NA,NA,-0.6525,NA,0.923071718,"LRP4-AS1","lncRNA","Same","CDS","no",0,0
"ENSG00000247950",NA,NA,NA,NA,NA,NA,NA,NA,NA,NA,NA,NA,NA,NA,-0.405691738,"SEC24B-AS1",NA,NA,NA,NA,NA,NA
"ENSG00000248049",NA,NA,NA,NA,NA,NA,NA,NA,NA,NA,-0.7118,NA,NA,NA,NA,"UBA6-AS1","lncRNA","Anti","CDS","no",0,0
"ENSG00000248445",NA,NA,NA,NA,NA,NA,NA,NA,-0.5723,NA,NA,NA,NA,NA,0.660710716,"SEMA6A-AS1","lncRNA","Anti","5utr","no",0,0
"ENSG00000249035",NA,NA,NA,NA,NA,NA,NA,NA,NA,NA,NA,NA,NA,NA,1.073517238,"CLMAT3",NA,NA,NA,NA,NA,NA
"ENSG00000251022",NA,NA,NA,NA,NA,NA,NA,NA,NA,NA,NA,NA,NA,NA,-0.321105433,"THAP9-AS1",NA,NA,NA,NA,NA,NA
"ENSG00000251143",NA,NA,NA,NA,NA,NA,NA,NA,NA,NA,NA,NA,NA,NA,0.705089326,"LOC100128494",NA,NA,NA,NA,NA,NA
"ENSG00000251450",NA,NA,NA,NA,NA,NA,NA,NA,NA,NA,NA,NA,NA,NA,-0.501795299,"RASGRF2-AS1",NA,NA,NA,NA,NA,NA
"ENSG00000253320",NA,NA,NA,NA,NA,NA,NA,NA,-0.5338,NA,NA,NA,NA,NA,NA,"AZIN1-AS1","lncRNA","Anti","5utr","no",0,0
"ENSG00000259175",NA,NA,NA,NA,NA,NA,NA,NA,NA,NA,NA,NA,NA,NA,0.637619935,"LOC101929586",NA,NA,NA,NA,NA,NA
"ENSG00000259577",NA,NA,NA,NA,NA,NA,NA,NA,NA,NA,NA,NA,NA,NA,-0.402301127,"CERNA1",NA,NA,NA,NA,NA,NA
"ENSG00000260001",NA,NA,NA,NA,NA,NA,NA,NA,NA,NA,NA,NA,NA,NA,-0.55206602,"TGFBR3L","protein_coding","Same","3utr","no",0,0
"ENSG00000260630",NA,NA,NA,NA,NA,NA,NA,NA,NA,NA,NA,NA,NA,NA,-0.386316508,"SNAI3-AS1",NA,NA,NA,NA,NA,NA
"ENSG00000260852",NA,NA,NA,NA,NA,NA,NA,NA,NA,NA,NA,NA,NA,NA,0.669965419,"FBXL19-AS1","protein_coding","Anti-same","5utr","no",0,0
"ENSG00000261594",NA,NA,NA,NA,NA,NA,NA,NA,NA,NA,NA,NA,NA,NA,-0.734356037,"TPBGL","protein_coding","Anti-same","5utr","no",0,0
"ENSG00000263072",NA,NA,NA,NA,NA,NA,NA,NA,NA,NA,NA,NA,NA,NA,-0.286782101,"ZNF213-AS1",NA,NA,NA,NA,NA,NA
"ENSG00000263400",NA,NA,NA,NA,NA,NA,NA,NA,NA,NA,NA,NA,NA,NA,0.406752481,"TMEM220-AS1",NA,NA,NA,NA,NA,NA
"ENSG00000267169",NA,NA,NA,NA,NA,NA,NA,NA,NA,NA,NA,NA,NA,NA,0.365903712,"LOC100507373",NA,NA,NA,NA,NA,NA
"ENSG00000267750",NA,NA,NA,NA,NA,NA,NA,NA,NA,NA,NA,NA,NA,NA,-0.313708526,"RUNDC3A-AS1",NA,NA,NA,NA,NA,NA
"ENSG00000267757",NA,NA,NA,NA,NA,NA,NA,NA,NA,NA,NA,NA,NA,NA,0.718216332,"EML2-AS1",NA,NA,NA,NA,NA,NA
"ENSG00000269699",NA,NA,NA,NA,NA,NA,NA,NA,NA,NA,0.7175,NA,NA,NA,0.626629174,"ZIM2","protein_coding","Same","CDS","no",70,0
"ENSG00000269821",NA,NA,NA,NA,NA,NA,NA,NA,-0.6665,NA,NA,NA,NA,NA,NA,"KCNQ1OT1","lncRNA","Anti-same","CDS","no",0,0
"ENSG00000272145",NA,NA,NA,NA,NA,NA,NA,NA,NA,NA,NA,NA,NA,NA,0.437995839,"NFYC-AS1",NA,NA,NA,NA,NA,NA
"ENSG00000272620",NA,NA,NA,NA,NA,NA,NA,NA,NA,NA,NA,NA,NA,NA,0.362179295,"AFAP1-AS1",NA,NA,NA,NA,NA,NA
